 2022-02-28 00:00:02.083326,ETHUSD,2616.92
 2022-02-28 00:01:02.057039,ETHUSD, 2615.8
 2022-02-28 00:02:01.801294,ETHUSD,2615.89
 2022-02-28 00:03:02.088237,ETHUSD,2607.86
 2022-02-28 00:04:01.868544,ETHUSD,2601.98
 2022-02-28 00:05:02.189585,ETHUSD,2605.88
 2022-02-28 00:06:02.901971,ETHUSD,2617.61
 2022-02-28 00:07:01.630656,ETHUSD,2622.33
 2022-02-28 00:08:02.182668,ETHUSD,2620.12
 2022-02-28 00:09:02.607484,ETHUSD,2616.59
 2022-02-28 00:10:02.361051,ETHUSD,2615.62
 2022-02-28 00:11:02.366274,ETHUSD,2609.37
 2022-02-28 00:12:02.140893,ETHUSD,2612.63
 2022-02-28 00:13:01.979344,ETHUSD,2617.52
 2022-02-28 00:14:01.704952,ETHUSD,2617.39
 2022-02-28 00:15:02.485577,ETHUSD,2616.91
 2022-02-28 00:16:02.199195,ETHUSD,2618.83
 2022-02-28 00:17:01.576158,ETHUSD,2618.19
 2022-02-28 00:18:02.324278,ETHUSD, 2611.7
 2022-02-28 00:19:02.136314,ETHUSD,2614.96
 2022-02-28 00:20:01.888688,ETHUSD,2611.73
 2022-02-28 00:21:01.997508,ETHUSD,2604.71
 2022-02-28 00:22:01.790135,ETHUSD,2602.75
 2022-02-28 00:23:02.275642,ETHUSD,2601.71
 2022-02-28 00:24:02.08299 ,ETHUSD,2603.16
 2022-02-28 00:25:02.295722,ETHUSD,2605.25
 2022-02-28 00:26:02.139917,ETHUSD,2606.15
 2022-02-28 00:27:02.361174,ETHUSD,2601.35
 2022-02-28 00:28:02.17311 ,ETHUSD,2600.51
 2022-02-28 00:29:02.127497,ETHUSD,2598.61
 2022-02-28 00:30:01.861563,ETHUSD,2599.56
 2022-02-28 00:31:02.034018,ETHUSD,2604.07
 2022-02-28 00:32:01.765403,ETHUSD,2604.51
 2022-02-28 00:33:02.262451,ETHUSD,2600.32
 2022-02-28 00:34:01.98837 ,ETHUSD,2595.57
 2022-02-28 00:35:02.043138,ETHUSD,2591.74
 2022-02-28 00:36:01.86427 ,ETHUSD,2593.11
 2022-02-28 00:37:02.178756,ETHUSD,2599.79
 2022-02-28 00:38:01.971127,ETHUSD,2603.47
 2022-02-28 00:39:01.601424,ETHUSD,2602.03
 2022-02-28 00:40:02.327519,ETHUSD,2603.45
 2022-02-28 00:41:02.16973 ,ETHUSD,2603.04
 2022-02-28 00:42:01.97613 ,ETHUSD,2604.22
 2022-02-28 00:43:01.756919,ETHUSD,2605.84
 2022-02-28 00:44:02.520835,ETHUSD, 2610.3
 2022-02-28 00:45:02.014708,ETHUSD,2612.82
 2022-02-28 00:46:01.84041 ,ETHUSD,2614.38
 2022-02-28 00:47:02.445746,ETHUSD,   2613
 2022-02-28 00:48:02.268554,ETHUSD,2607.44
 2022-02-28 00:49:02.388064,ETHUSD,2611.02
 2022-02-28 00:50:02.172094,ETHUSD,2607.25
 2022-02-28 00:51:01.85268 ,ETHUSD,2608.24
 2022-02-28 00:52:01.661923,ETHUSD,2608.21
 2022-02-28 00:53:01.843946,ETHUSD, 2608.6
 2022-02-28 00:54:02.603098,ETHUSD,2606.65
 2022-02-28 00:55:01.917055,ETHUSD,2608.49
 2022-02-28 00:56:01.682112,ETHUSD,2601.65
 2022-02-28 00:57:01.904104,ETHUSD,2601.33
 2022-02-28 00:58:01.646613,ETHUSD,2600.26
 2022-02-28 00:59:01.867041,ETHUSD,2606.43
 2022-02-28 01:00:01.762985,ETHUSD,2606.79
 2022-02-28 01:01:01.799345,ETHUSD,2612.36
 2022-02-28 01:02:02.548542,ETHUSD,2607.81
 2022-02-28 01:03:02.034354,ETHUSD,2606.82
 2022-02-28 01:04:01.764348,ETHUSD,2608.71
 2022-02-28 01:05:02.500847,ETHUSD,2614.66
 2022-02-28 01:06:02.232848,ETHUSD, 2612.7
 2022-02-28 01:07:01.636533,ETHUSD,2613.28
 2022-02-28 01:08:02.35127 ,ETHUSD,2615.42
 2022-02-28 01:09:01.696939,ETHUSD,2622.34
 2022-02-28 01:10:02.086669,ETHUSD,2624.05
 2022-02-28 01:11:02.30568 ,ETHUSD,2621.97
 2022-02-28 01:12:02.004697,ETHUSD,2627.63
 2022-02-28 01:13:01.789914,ETHUSD,2629.07
 2022-02-28 01:14:02.549905,ETHUSD,2631.61
 2022-02-28 01:15:01.703594,ETHUSD,2635.95
 2022-02-28 01:16:02.471499,ETHUSD,2635.93
 2022-02-28 01:17:01.558469,ETHUSD,2634.91
 2022-02-28 01:18:02.336983,ETHUSD,2634.13
 2022-02-28 01:19:01.968286,ETHUSD,2634.54
 2022-02-28 01:20:01.76226 ,ETHUSD, 2641.1
 2022-02-28 01:21:02.173671,ETHUSD,2645.52
 2022-02-28 01:22:01.890922,ETHUSD,2660.95
 2022-02-28 01:23:01.813793,ETHUSD,2656.29
 2022-02-28 01:24:02.585889,ETHUSD,2654.55
 2022-02-28 01:25:02.526417,ETHUSD,2648.78
 2022-02-28 01:26:02.24902 ,ETHUSD,2644.56
 2022-02-28 01:27:02.049239,ETHUSD,2642.31
 2022-02-28 01:28:01.842398,ETHUSD,2650.55
 2022-02-28 01:29:02.076048,ETHUSD,2660.55
 2022-02-28 01:30:01.897166,ETHUSD,2665.49
 2022-02-28 01:31:02.010914,ETHUSD,2667.24
 2022-02-28 01:32:01.757829,ETHUSD,2671.04
 2022-02-28 01:33:01.707705,ETHUSD,2668.52
 2022-02-28 01:34:02.487348,ETHUSD,2669.03
 2022-02-28 01:35:02.418836,ETHUSD,2672.25
 2022-02-28 01:36:02.148032,ETHUSD,2673.09
 2022-02-28 01:37:02.519555,ETHUSD, 2676.6
 2022-02-28 01:38:02.299569,ETHUSD, 2668.2
 2022-02-28 01:39:02.365392,ETHUSD, 2664.5
 2022-02-28 01:40:02.108114,ETHUSD,2666.54
 2022-02-28 01:41:02.212735,ETHUSD, 2669.3
 2022-02-28 01:42:02.04956 ,ETHUSD,2667.07
 2022-02-28 01:43:02.274064,ETHUSD,2670.77
 2022-02-28 01:44:02.03502 ,ETHUSD,2669.06
 2022-02-28 01:45:01.90338 ,ETHUSD,2671.78
 2022-02-28 01:46:01.664684,ETHUSD,   2673
 2022-02-28 01:47:02.151302,ETHUSD,2670.48
 2022-02-28 01:48:01.86882 ,ETHUSD,2674.02
 2022-02-28 01:49:02.11398 ,ETHUSD,2675.14
 2022-02-28 01:50:01.883292,ETHUSD,2675.55
 2022-02-28 01:51:01.831893,ETHUSD,2673.73
 2022-02-28 01:52:01.63001 ,ETHUSD,2668.13
 2022-02-28 01:53:02.501327,ETHUSD,2663.39
 2022-02-28 01:54:02.288738,ETHUSD,2663.01
 2022-02-28 01:55:01.915871,ETHUSD,2659.74
 2022-02-28 01:56:01.7501  ,ETHUSD,2659.45
 2022-02-28 01:57:01.806379,ETHUSD,2656.41
 2022-02-28 01:58:02.532177,ETHUSD,2654.08
 2022-02-28 01:59:01.729793,ETHUSD,2649.94
 2022-02-28 02:00:02.572847,ETHUSD,2645.88
 2022-02-28 02:01:01.947215,ETHUSD,2645.51
 2022-02-28 02:02:01.791983,ETHUSD,2645.62
 2022-02-28 02:03:01.900268,ETHUSD,2649.13
 2022-02-28 02:04:02.265379,ETHUSD,2651.21
 2022-02-28 02:05:01.943671,ETHUSD,2650.14
 2022-02-28 02:06:01.724528,ETHUSD,2653.04
 2022-02-28 02:07:01.708821,ETHUSD,   2653
 2022-02-28 02:08:02.525431,ETHUSD,2652.66
 2022-02-28 02:09:01.859723,ETHUSD,2649.05
 2022-02-28 02:10:02.57533 ,ETHUSD,2648.51
 2022-02-28 02:11:02.512504,ETHUSD,2642.31
 2022-02-28 02:12:02.285347,ETHUSD,2640.17
 2022-02-28 02:13:02.025402,ETHUSD,2640.44
 2022-02-28 02:14:01.833363,ETHUSD,2640.59
 2022-02-28 02:15:02.514596,ETHUSD,2637.15
 2022-02-28 02:16:02.279382,ETHUSD,2636.24
 2022-02-28 02:17:01.842471,ETHUSD,2639.43
 2022-02-28 02:18:02.560654,ETHUSD,2639.37
 2022-02-28 02:19:01.655685,ETHUSD,2641.17
 2022-02-28 02:20:02.487687,ETHUSD,2638.44
 2022-02-28 02:21:01.818977,ETHUSD,2637.67
 2022-02-28 02:22:02.612027,ETHUSD,2638.28
 2022-02-28 02:23:02.329997,ETHUSD,2641.43
 2022-02-28 02:24:02.051518,ETHUSD,2640.12
 2022-02-28 02:25:01.962782,ETHUSD,2640.95
 2022-02-28 02:26:01.755478,ETHUSD,2639.08
 2022-02-28 02:27:01.590452,ETHUSD,2639.05
 2022-02-28 02:28:02.45932 ,ETHUSD,2639.01
 2022-02-28 02:29:02.490838,ETHUSD,2637.87
 2022-02-28 02:30:02.260581,ETHUSD,2641.81
 2022-02-28 02:31:02.12618 ,ETHUSD,2639.03
 2022-02-28 02:32:01.947426,ETHUSD,2633.04
 2022-02-28 02:33:02.36632 ,ETHUSD,2633.05
 2022-02-28 02:34:02.07895 ,ETHUSD,2635.22
 2022-02-28 02:35:02.167225,ETHUSD,2635.14
 2022-02-28 02:36:01.922896,ETHUSD,2636.72
 2022-02-28 02:37:02.104815,ETHUSD,2638.37
 2022-02-28 02:38:01.935426,ETHUSD,2640.56
 2022-02-28 02:39:01.980078,ETHUSD,2640.04
 2022-02-28 02:40:01.744415,ETHUSD,2638.65
 2022-02-28 02:41:02.352815,ETHUSD,2636.68
 2022-02-28 02:42:02.109527,ETHUSD,2637.12
 2022-02-28 02:43:01.724822,ETHUSD,2635.04
 2022-02-28 02:44:02.507276,ETHUSD,2635.37
 2022-02-28 02:45:02.243793,ETHUSD,2629.07
 2022-02-28 02:46:01.723643,ETHUSD,2630.56
 2022-02-28 02:47:01.554305,ETHUSD,2621.77
 2022-02-28 02:48:02.364473,ETHUSD,2608.21
 2022-02-28 02:49:01.719311,ETHUSD, 2603.8
 2022-02-28 02:50:02.447737,ETHUSD,2602.71
 2022-02-28 02:51:02.030915,ETHUSD,2607.78
 2022-02-28 02:52:01.80608 ,ETHUSD, 2605.3
 2022-02-28 02:53:02.170346,ETHUSD,2604.84
 2022-02-28 02:54:01.902986,ETHUSD,   2599
 2022-02-28 02:55:01.812045,ETHUSD,2602.78
 2022-02-28 02:56:02.575854,ETHUSD,2604.37
 2022-02-28 02:57:02.299608,ETHUSD,2600.92
 2022-02-28 02:58:02.004074,ETHUSD,2605.75
 2022-02-28 02:59:02.02389 ,ETHUSD,2607.94
 2022-02-28 03:00:01.89637 ,ETHUSD,2613.52
 2022-02-28 03:01:02.143787,ETHUSD,2609.34
 2022-02-28 03:02:01.853713,ETHUSD,2608.16
 2022-02-28 03:03:02.408753,ETHUSD,2610.49
 2022-02-28 03:04:02.13084 ,ETHUSD,2614.43
 2022-02-28 03:05:02.180573,ETHUSD, 2614.8
 2022-02-28 03:06:01.909198,ETHUSD,2616.41
 2022-02-28 03:07:01.884601,ETHUSD,2614.78
 2022-02-28 03:08:01.655215,ETHUSD,2615.78
 2022-02-28 03:09:02.234463,ETHUSD,2614.55
 2022-02-28 03:10:01.967912,ETHUSD,2607.15
 2022-02-28 03:11:01.90184 ,ETHUSD,2603.05
 2022-02-28 03:12:01.611355,ETHUSD,2606.65
 2022-02-28 03:13:01.635627,ETHUSD,2607.19
 2022-02-28 03:14:02.376218,ETHUSD, 2607.9
 2022-02-28 03:15:02.066572,ETHUSD,2610.51
 2022-02-28 03:16:01.880421,ETHUSD,2609.46
 2022-02-28 03:17:01.780184,ETHUSD,2605.64
 2022-02-28 03:18:02.550498,ETHUSD,2605.61
 2022-02-28 03:19:02.44738 ,ETHUSD,2602.73
 2022-02-28 03:20:02.271196,ETHUSD,2605.11
 2022-02-28 03:21:02.015851,ETHUSD, 2600.5
 2022-02-28 03:22:01.985059,ETHUSD, 2605.1
 2022-02-28 03:23:02.124288,ETHUSD,2606.15
 2022-02-28 03:24:01.859069,ETHUSD,2611.59
 2022-02-28 03:25:01.944937,ETHUSD,2611.71
 2022-02-28 03:26:01.773624,ETHUSD,2614.25
 2022-02-28 03:27:02.608476,ETHUSD, 2616.3
 2022-02-28 03:28:02.355795,ETHUSD,2617.09
 2022-02-28 03:29:02.023666,ETHUSD,2616.54
 2022-02-28 03:30:01.814391,ETHUSD,2616.83
 2022-02-28 03:31:02.071307,ETHUSD,2616.47
 2022-02-28 03:32:01.811968,ETHUSD,2619.87
 2022-02-28 03:33:02.059805,ETHUSD,2617.85
 2022-02-28 03:34:01.758888,ETHUSD,2618.36
 2022-02-28 03:35:01.575906,ETHUSD,2618.54
 2022-02-28 03:36:02.289987,ETHUSD,2615.95
 2022-02-28 03:37:02.246456,ETHUSD,2614.74
 2022-02-28 03:38:02.011011,ETHUSD,2610.65
 2022-02-28 03:39:02.084335,ETHUSD,2613.63
 2022-02-28 03:40:01.878711,ETHUSD,2614.99
 2022-02-28 03:41:02.396565,ETHUSD,2611.27
 2022-02-28 03:42:02.10755 ,ETHUSD,2613.74
 2022-02-28 03:43:01.709199,ETHUSD,2616.98
 2022-02-28 03:44:02.470648,ETHUSD,2618.43
 2022-02-28 03:45:02.054699,ETHUSD,2618.29
 2022-02-28 03:46:01.865204,ETHUSD,2614.32
 2022-02-28 03:47:01.670328,ETHUSD,2612.29
 2022-02-28 03:48:02.500028,ETHUSD,2614.18
 2022-02-28 03:49:02.191959,ETHUSD,2614.41
 2022-02-28 03:50:02.172942,ETHUSD,2613.83
 2022-02-28 03:51:01.788945,ETHUSD,2616.82
 2022-02-28 03:52:02.577443,ETHUSD,2611.34
 2022-02-28 03:53:02.274569,ETHUSD,2614.31
 2022-02-28 03:54:02.0133  ,ETHUSD,2613.57
 2022-02-28 03:55:01.560655,ETHUSD,2610.23
 2022-02-28 03:56:02.313253,ETHUSD,2610.71
 2022-02-28 03:57:01.548586,ETHUSD,2611.88
 2022-02-28 03:58:02.273639,ETHUSD,2611.62
 2022-02-28 03:59:01.976429,ETHUSD,2609.12
 2022-02-28 04:00:02.070157,ETHUSD, 2608.9
 2022-02-28 04:01:01.785942,ETHUSD,2614.66
 2022-02-28 04:02:02.507016,ETHUSD,2616.66
 2022-02-28 04:03:01.641649,ETHUSD,2616.76
 2022-02-28 04:04:02.457131,ETHUSD,2617.01
 2022-02-28 04:05:01.8558  ,ETHUSD,2616.28
 2022-02-28 04:06:01.612412,ETHUSD,2615.69
 2022-02-28 04:07:02.552367,ETHUSD,2615.08
 2022-02-28 04:08:02.284092,ETHUSD,2617.26
 2022-02-28 04:09:01.924528,ETHUSD,   2621
 2022-02-28 04:10:01.664078,ETHUSD,2625.86
 2022-02-28 04:11:02.056039,ETHUSD,2632.21
 2022-02-28 04:12:01.775666,ETHUSD,2631.26
 2022-02-28 04:13:02.311193,ETHUSD,2630.56
 2022-02-28 04:14:02.028757,ETHUSD,2631.65
 2022-02-28 04:15:02.512567,ETHUSD,2630.15
 2022-02-28 04:16:02.238768,ETHUSD,2631.08
 2022-02-28 04:17:02.454532,ETHUSD,2631.22
 2022-02-28 04:18:02.27468 ,ETHUSD, 2625.6
 2022-02-28 04:19:02.471911,ETHUSD,2622.78
 2022-02-28 04:20:02.266693,ETHUSD,2619.78
 2022-02-28 04:21:02.199131,ETHUSD,2618.58
 2022-02-28 04:22:01.937314,ETHUSD,2616.83
 2022-02-28 04:23:02.173204,ETHUSD, 2620.1
 2022-02-28 04:24:01.880009,ETHUSD,2620.66
 2022-02-28 04:25:01.571372,ETHUSD,2621.33
 2022-02-28 04:26:01.873009,ETHUSD,2618.91
 2022-02-28 04:27:02.341913,ETHUSD,2620.88
 2022-02-28 04:28:02.081324,ETHUSD,2619.57
 2022-02-28 04:29:02.344616,ETHUSD,2620.18
 2022-02-28 04:30:02.105752,ETHUSD,2616.14
 2022-02-28 04:31:01.623093,ETHUSD,2617.02
 2022-02-28 04:32:02.417575,ETHUSD,2617.22
 2022-02-28 04:33:02.200688,ETHUSD,2611.32
 2022-02-28 04:34:02.007935,ETHUSD,2610.46
 2022-02-28 04:35:01.974483,ETHUSD,2611.84
 2022-02-28 04:36:01.791429,ETHUSD,2609.57
 2022-02-28 04:37:01.898199,ETHUSD,2610.39
 2022-02-28 04:38:01.639626,ETHUSD,2607.28
 2022-02-28 04:39:01.557621,ETHUSD,2607.08
 2022-02-28 04:40:02.35722 ,ETHUSD,2603.11
 2022-02-28 04:41:02.317502,ETHUSD,2607.95
 2022-02-28 04:42:02.055268,ETHUSD, 2608.6
 2022-02-28 04:43:01.752569,ETHUSD,2610.58
 2022-02-28 04:44:02.123081,ETHUSD,2610.47
 2022-02-28 04:45:02.1243  ,ETHUSD,2610.16
 2022-02-28 04:46:01.858562,ETHUSD,2610.04
 2022-02-28 04:47:01.999544,ETHUSD, 2610.8
 2022-02-28 04:48:01.790204,ETHUSD,2612.79
 2022-02-28 04:49:02.468529,ETHUSD,2612.95
 2022-02-28 04:50:01.641374,ETHUSD, 2615.4
 2022-02-28 04:51:01.558621,ETHUSD, 2613.4
 2022-02-28 04:52:02.331271,ETHUSD,2614.34
 2022-02-28 04:53:01.87669 ,ETHUSD,2613.57
 2022-02-28 04:54:01.660749,ETHUSD,2610.85
 2022-02-28 04:55:02.218137,ETHUSD,2609.48
 2022-02-28 04:56:01.996448,ETHUSD,2611.28
 2022-02-28 04:57:01.754588,ETHUSD,2608.88
 2022-02-28 04:58:02.525911,ETHUSD,2611.21
 2022-02-28 04:59:02.480039,ETHUSD,2610.58
 2022-02-28 05:00:02.282025,ETHUSD,2612.05
 2022-02-28 05:01:01.76241 ,ETHUSD,2607.11
 2022-02-28 05:02:02.49898 ,ETHUSD,2606.52
 2022-02-28 05:03:01.735195,ETHUSD,2610.19
 2022-02-28 05:04:02.540607,ETHUSD, 2612.1
 2022-02-28 05:05:02.212447,ETHUSD,2620.06
 2022-02-28 05:06:01.977055,ETHUSD,2618.06
 2022-02-28 05:07:03.189342,ETHUSD,2620.52
 2022-02-28 05:08:01.94815 ,ETHUSD,2620.36
 2022-02-28 05:09:02.218411,ETHUSD,2619.57
 2022-02-28 05:10:02.002236,ETHUSD, 2620.6
 2022-02-28 05:11:02.444363,ETHUSD,2618.05
 2022-02-28 05:12:02.168872,ETHUSD,2618.91
 2022-02-28 05:13:01.967485,ETHUSD,2618.14
 2022-02-28 05:14:01.734086,ETHUSD,2623.43
 2022-02-28 05:15:02.148531,ETHUSD,2621.97
 2022-02-28 05:16:01.880595,ETHUSD,2622.83
 2022-02-28 05:17:02.10964 ,ETHUSD,2622.74
 2022-02-28 05:18:01.884807,ETHUSD,2619.87
 2022-02-28 05:19:02.461903,ETHUSD,2620.61
 2022-02-28 05:20:02.289164,ETHUSD,2615.29
 2022-02-28 05:21:01.56745 ,ETHUSD,2617.28
 2022-02-28 05:22:02.290405,ETHUSD,2621.27
 2022-02-28 05:23:01.648772,ETHUSD,2620.84
 2022-02-28 05:24:02.43116 ,ETHUSD,2620.39
 2022-02-28 05:25:02.39061 ,ETHUSD,2621.61
 2022-02-28 05:26:02.191263,ETHUSD,2618.13
 2022-02-28 05:27:01.878771,ETHUSD,2616.31
 2022-02-28 05:28:02.567229,ETHUSD,2612.53
 2022-02-28 05:29:02.413856,ETHUSD,2616.17
 2022-02-28 05:30:02.160747,ETHUSD,2621.13
 2022-02-28 05:31:02.296897,ETHUSD, 2619.7
 2022-02-28 05:32:02.080245,ETHUSD,2610.04
 2022-02-28 05:33:02.012991,ETHUSD,2612.92
 2022-02-28 05:34:01.779149,ETHUSD, 2609.9
 2022-02-28 05:35:02.069313,ETHUSD,2609.36
 2022-02-28 05:36:01.849232,ETHUSD, 2608.9
 2022-02-28 05:37:02.39301 ,ETHUSD,2610.91
 2022-02-28 05:38:02.107476,ETHUSD,2610.04
 2022-02-28 05:39:02.216935,ETHUSD,2612.13
 2022-02-28 05:40:02.058029,ETHUSD, 2612.2
 2022-02-28 05:41:01.996183,ETHUSD,2608.58
 2022-02-28 05:42:01.776887,ETHUSD, 2609.8
 2022-02-28 05:43:01.885254,ETHUSD,2611.41
 2022-02-28 05:44:01.677961,ETHUSD, 2611.1
 2022-02-28 05:45:01.652672,ETHUSD,2613.86
 2022-02-28 05:46:02.398656,ETHUSD,2612.86
 2022-02-28 05:47:01.554391,ETHUSD,2611.45
 2022-02-28 05:48:02.354306,ETHUSD,2609.93
 2022-02-28 05:49:02.005703,ETHUSD,2610.15
 2022-02-28 05:50:01.825075,ETHUSD,2608.43
 2022-02-28 05:51:02.373969,ETHUSD,2610.19
 2022-02-28 05:52:02.116723,ETHUSD,2606.69
 2022-02-28 05:53:02.281084,ETHUSD,2606.03
 2022-02-28 05:54:02.169092,ETHUSD,2612.58
 2022-02-28 05:55:02.036501,ETHUSD,2610.96
 2022-02-28 05:56:01.789148,ETHUSD,2612.17
 2022-02-28 05:57:01.714602,ETHUSD,2611.09
 2022-02-28 05:58:02.431221,ETHUSD,2609.12
 2022-02-28 05:59:01.887472,ETHUSD,2612.16
 2022-02-28 06:00:01.653288,ETHUSD, 2610.6
 2022-02-28 06:01:02.453387,ETHUSD,2607.95
 2022-02-28 06:02:02.215611,ETHUSD,2613.25
 2022-02-28 06:03:01.854054,ETHUSD,2614.35
 2022-02-28 06:04:02.54739 ,ETHUSD, 2615.7
 2022-02-28 06:05:02.439962,ETHUSD,2612.01
 2022-02-28 06:06:02.19842 ,ETHUSD,2614.34
 2022-02-28 06:07:01.902003,ETHUSD,2615.14
 2022-02-28 06:08:01.599126,ETHUSD,2614.89
 2022-02-28 06:09:02.1707  ,ETHUSD,2601.99
 2022-02-28 06:10:01.880253,ETHUSD, 2589.1
 2022-02-28 06:11:01.576166,ETHUSD,2582.55
 2022-02-28 06:12:02.321213,ETHUSD,2576.25
 2022-02-28 06:13:02.015184,ETHUSD,2576.84
 2022-02-28 06:14:02.553425,ETHUSD,2582.73
 2022-02-28 06:15:02.056564,ETHUSD,2603.54
 2022-02-28 06:16:01.837063,ETHUSD,2619.62
 2022-02-28 06:17:02.164912,ETHUSD,2620.45
 2022-02-28 06:18:01.955057,ETHUSD,2617.15
 2022-02-28 06:19:02.053647,ETHUSD,2613.71
 2022-02-28 06:20:01.84155 ,ETHUSD,2584.49
 2022-02-28 06:21:01.742427,ETHUSD,2598.67
 2022-02-28 06:22:02.468811,ETHUSD,2603.26
 2022-02-28 06:23:01.858913,ETHUSD,2607.17
 2022-02-28 06:24:01.640478,ETHUSD,2598.55
 2022-02-28 06:25:01.732615,ETHUSD,2598.89
 2022-02-28 06:26:02.46684 ,ETHUSD,2595.56
 2022-02-28 06:27:01.748301,ETHUSD, 2587.5
 2022-02-28 06:28:02.455093,ETHUSD, 2592.9
 2022-02-28 06:29:01.710278,ETHUSD,2603.17
 2022-02-28 06:30:02.535595,ETHUSD,2601.87
 2022-02-28 06:31:02.085506,ETHUSD,2597.36
 2022-02-28 06:32:01.791422,ETHUSD,2596.63
 2022-02-28 06:33:02.02447 ,ETHUSD,2594.71
 2022-02-28 06:34:01.821445,ETHUSD, 2596.8
 2022-02-28 06:35:02.271719,ETHUSD,2598.56
 2022-02-28 06:36:01.991731,ETHUSD,2603.47
 2022-02-28 06:37:01.708215,ETHUSD, 2609.3
 2022-02-28 06:38:02.33986 ,ETHUSD,2607.36
 2022-02-28 06:39:01.877036,ETHUSD,2607.94
 2022-02-28 06:40:01.625215,ETHUSD,2608.71
 2022-02-28 06:41:01.59621 ,ETHUSD,2608.89
 2022-02-28 06:42:02.330818,ETHUSD,2608.21
 2022-02-28 06:43:02.112037,ETHUSD,2605.55
 2022-02-28 06:44:01.900325,ETHUSD,2599.84
 2022-02-28 06:45:01.70353 ,ETHUSD,2601.65
 2022-02-28 06:46:02.461331,ETHUSD,2597.62
 2022-02-28 06:47:02.263968,ETHUSD,2600.02
 2022-02-28 06:48:01.998418,ETHUSD,2606.18
 2022-02-28 06:49:01.801294,ETHUSD, 2606.9
 2022-02-28 06:50:02.554408,ETHUSD,2608.21
 2022-02-28 06:51:02.27821 ,ETHUSD,2607.76
 2022-02-28 06:52:02.028147,ETHUSD,2609.85
 2022-02-28 06:53:02.105515,ETHUSD,2613.48
 2022-02-28 06:54:01.849327,ETHUSD,2608.83
 2022-02-28 06:55:01.917265,ETHUSD,2610.87
 2022-02-28 06:56:01.617675,ETHUSD,2609.33
 2022-02-28 06:57:02.156703,ETHUSD,2607.59
 2022-02-28 06:58:01.937217,ETHUSD,2607.85
 2022-02-28 06:59:01.739982,ETHUSD,2607.64
 2022-02-28 07:00:02.575259,ETHUSD,2607.18
 2022-02-28 07:01:02.211286,ETHUSD,2600.48
 2022-02-28 07:02:01.986745,ETHUSD,2601.17
 2022-02-28 07:03:01.738496,ETHUSD,2602.27
 2022-02-28 07:04:02.498315,ETHUSD,2609.69
 2022-02-28 07:05:02.279267,ETHUSD,2610.03
 2022-02-28 07:06:02.033286,ETHUSD,2616.67
 2022-02-28 07:07:01.711562,ETHUSD,2614.93
 2022-02-28 07:08:02.424328,ETHUSD,2614.41
 2022-02-28 07:09:02.142674,ETHUSD,2613.43
 2022-02-28 07:10:01.871194,ETHUSD,   2616
 2022-02-28 07:11:02.037788,ETHUSD,2610.12
 2022-02-28 07:12:01.792308,ETHUSD,2605.79
 2022-02-28 07:13:02.464744,ETHUSD,2610.81
 2022-02-28 07:14:02.523424,ETHUSD, 2611.8
 2022-02-28 07:15:01.945099,ETHUSD,2611.12
 2022-02-28 07:16:01.741833,ETHUSD,2614.55
 2022-02-28 07:17:02.380631,ETHUSD,2617.64
 2022-02-28 07:18:02.176256,ETHUSD, 2617.7
 2022-02-28 07:19:02.412743,ETHUSD,2618.53
 2022-02-28 07:20:02.204396,ETHUSD,2618.92
 2022-02-28 07:21:02.233604,ETHUSD,2622.68
 2022-02-28 07:22:01.923777,ETHUSD, 2622.5
 2022-02-28 07:23:02.412113,ETHUSD,2626.52
 2022-02-28 07:24:02.122801,ETHUSD,2626.79
 2022-02-28 07:25:01.549805,ETHUSD,2626.19
 2022-02-28 07:26:02.341312,ETHUSD,2629.22
 2022-02-28 07:27:02.512895,ETHUSD, 2628.2
 2022-02-28 07:28:02.289675,ETHUSD,2625.08
 2022-02-28 07:29:02.551157,ETHUSD,2631.76
 2022-02-28 07:30:02.419027,ETHUSD,2637.58
 2022-02-28 07:31:02.094651,ETHUSD,2637.17
 2022-02-28 07:32:01.991252,ETHUSD,2639.14
 2022-02-28 07:33:02.141125,ETHUSD,2640.77
 2022-02-28 07:34:01.867582,ETHUSD,2647.11
 2022-02-28 07:35:02.122799,ETHUSD,2647.76
 2022-02-28 07:36:01.909861,ETHUSD,2645.77
 2022-02-28 07:37:02.067776,ETHUSD,2643.33
 2022-02-28 07:38:01.810437,ETHUSD,2641.75
 2022-02-28 07:39:02.058922,ETHUSD,2640.55
 2022-02-28 07:40:01.771752,ETHUSD, 2641.5
 2022-02-28 07:41:01.761403,ETHUSD,2642.31
 2022-02-28 07:42:02.47514 ,ETHUSD,2642.91
 2022-02-28 07:43:02.40054 ,ETHUSD,2644.63
 2022-02-28 07:44:02.114143,ETHUSD,2645.48
 2022-02-28 07:45:01.695103,ETHUSD,2645.01
 2022-02-28 07:46:02.462848,ETHUSD,2644.36
 2022-02-28 07:47:02.184573,ETHUSD,2640.26
 2022-02-28 07:48:01.960285,ETHUSD,2641.83
 2022-02-28 07:49:01.8631  ,ETHUSD, 2639.7
 2022-02-28 07:50:01.613787,ETHUSD,2636.32
 2022-02-28 07:51:02.479584,ETHUSD,2637.99
 2022-02-28 07:52:02.19278 ,ETHUSD,2634.72
 2022-02-28 07:53:01.939522,ETHUSD,2635.09
 2022-02-28 07:54:01.637288,ETHUSD, 2631.8
 2022-02-28 07:55:02.458125,ETHUSD,2633.13
 2022-02-28 07:56:02.154899,ETHUSD,2632.52
 2022-02-28 07:57:01.927627,ETHUSD,2635.27
 2022-02-28 07:58:01.668654,ETHUSD,2636.13
 2022-02-28 07:59:02.299362,ETHUSD,2636.28
 2022-02-28 08:00:02.091112,ETHUSD,2637.01
 2022-02-28 08:01:02.050866,ETHUSD, 2633.8
 2022-02-28 08:02:01.822975,ETHUSD,2638.53
 2022-02-28 08:03:02.353331,ETHUSD,2639.86
 2022-02-28 08:04:02.111774,ETHUSD,2644.35
 2022-02-28 08:05:01.786733,ETHUSD, 2640.6
 2022-02-28 08:06:02.33785 ,ETHUSD,2644.06
 2022-02-28 08:07:01.946955,ETHUSD,2644.39
 2022-02-28 08:08:01.676251,ETHUSD,2652.13
 2022-02-28 08:09:02.010762,ETHUSD,2650.22
 2022-02-28 08:10:01.716332,ETHUSD,2652.71
 2022-02-28 08:11:02.28879 ,ETHUSD,2648.31
 2022-02-28 08:12:02.038779,ETHUSD,2647.01
 2022-02-28 08:13:01.571168,ETHUSD,2640.96
 2022-02-28 08:14:02.324548,ETHUSD,2642.66
 2022-02-28 08:15:02.062892,ETHUSD,2642.14
 2022-02-28 08:16:01.802778,ETHUSD,2641.78
 2022-02-28 08:17:02.010364,ETHUSD,2639.83
 2022-02-28 08:18:01.914072,ETHUSD,2641.15
 2022-02-28 08:19:02.311044,ETHUSD,2639.94
 2022-02-28 08:20:02.422449,ETHUSD,2636.25
 2022-02-28 08:21:01.796988,ETHUSD,2636.43
 2022-02-28 08:22:02.554943,ETHUSD,2634.61
 2022-02-28 08:23:02.071808,ETHUSD,2636.46
 2022-02-28 08:24:01.807981,ETHUSD,2634.67
 2022-02-28 08:25:02.080454,ETHUSD,2635.24
 2022-02-28 08:26:01.854802,ETHUSD,2636.63
 2022-02-28 08:27:02.094756,ETHUSD,2640.21
 2022-02-28 08:28:02.06613 ,ETHUSD,2642.12
 2022-02-28 08:29:02.481113,ETHUSD,2642.97
 2022-02-28 08:30:02.163445,ETHUSD, 2643.2
 2022-02-28 08:31:01.925967,ETHUSD, 2642.7
 2022-02-28 08:32:01.749976,ETHUSD,2641.87
 2022-02-28 08:33:02.021689,ETHUSD,2640.95
 2022-02-28 08:34:01.784526,ETHUSD,2641.14
 2022-02-28 08:35:02.237588,ETHUSD,2638.18
 2022-02-28 08:36:01.936606,ETHUSD,   2637
 2022-02-28 08:37:02.144686,ETHUSD,2634.66
 2022-02-28 08:38:01.925766,ETHUSD,2635.17
 2022-02-28 08:39:02.22008 ,ETHUSD,2633.65
 2022-02-28 08:40:01.952328,ETHUSD,2631.45
 2022-02-28 08:41:02.23552 ,ETHUSD,2628.72
 2022-02-28 08:42:01.969451,ETHUSD,2627.97
 2022-02-28 08:43:02.395415,ETHUSD,2622.23
 2022-02-28 08:44:02.151161,ETHUSD,2623.04
 2022-02-28 08:45:02.337249,ETHUSD,2624.07
 2022-02-28 08:46:02.051042,ETHUSD,2626.04
 2022-02-28 08:47:02.190606,ETHUSD,2626.38
 2022-02-28 08:48:01.965388,ETHUSD,2625.65
 2022-02-28 08:49:02.329954,ETHUSD,2624.33
 2022-02-28 08:50:02.063435,ETHUSD,2625.78
 2022-02-28 08:51:02.072825,ETHUSD,2627.62
 2022-02-28 08:52:01.814607,ETHUSD, 2632.5
 2022-02-28 08:53:02.031136,ETHUSD,2630.38
 2022-02-28 08:54:01.822073,ETHUSD,2627.03
 2022-02-28 08:55:01.866889,ETHUSD,2627.05
 2022-02-28 08:56:02.574058,ETHUSD, 2629.2
 2022-02-28 08:57:01.83081 ,ETHUSD,2630.95
 2022-02-28 08:58:02.559071,ETHUSD,2629.67
 2022-02-28 08:59:01.7016  ,ETHUSD,2628.94
 2022-02-28 09:00:02.575346,ETHUSD,2627.04
 2022-02-28 09:01:02.127055,ETHUSD,2626.14
 2022-02-28 09:02:02.662267,ETHUSD,2633.13
 2022-02-28 09:03:02.359667,ETHUSD,2633.86
 2022-02-28 09:04:02.136245,ETHUSD,2636.51
 2022-02-28 09:05:02.390754,ETHUSD,2637.11
 2022-02-28 09:06:02.09562 ,ETHUSD,2639.42
 2022-02-28 09:07:02.306548,ETHUSD,2640.15
 2022-02-28 09:08:02.042817,ETHUSD, 2640.9
 2022-02-28 09:09:02.419591,ETHUSD,2643.25
 2022-02-28 09:10:02.176963,ETHUSD,2638.69
 2022-02-28 09:11:02.461092,ETHUSD,2638.81
 2022-02-28 09:12:02.164683,ETHUSD,2635.32
 2022-02-28 09:13:01.590412,ETHUSD,2634.89
 2022-02-28 09:14:02.324751,ETHUSD,2635.92
 2022-02-28 09:15:01.595308,ETHUSD, 2638.9
 2022-02-28 09:16:02.333374,ETHUSD,2638.56
 2022-02-28 09:17:01.872939,ETHUSD,2635.75
 2022-02-28 09:18:01.600373,ETHUSD,2635.85
 2022-02-28 09:19:01.599124,ETHUSD,2634.36
 2022-02-28 09:20:02.3153  ,ETHUSD, 2633.7
 2022-02-28 09:21:02.014877,ETHUSD,2633.59
 2022-02-28 09:22:01.675591,ETHUSD,2635.01
 2022-02-28 09:23:02.208288,ETHUSD,2633.52
 2022-02-28 09:24:01.904401,ETHUSD,2633.35
 2022-02-28 09:25:02.463516,ETHUSD,2629.43
 2022-02-28 09:26:02.212345,ETHUSD,2627.95
 2022-02-28 09:27:02.539087,ETHUSD,2626.49
 2022-02-28 09:28:02.272676,ETHUSD, 2627.6
 2022-02-28 09:29:01.774893,ETHUSD, 2626.6
 2022-02-28 09:30:02.490369,ETHUSD,2627.17
 2022-02-28 09:31:02.052805,ETHUSD,2625.71
 2022-02-28 09:32:01.832348,ETHUSD,2622.18
 2022-02-28 09:33:02.278035,ETHUSD,2624.22
 2022-02-28 09:34:02.016589,ETHUSD,2626.15
 2022-02-28 09:35:01.744056,ETHUSD,2625.43
 2022-02-28 09:36:02.48122 ,ETHUSD,2626.93
 2022-02-28 09:37:01.788772,ETHUSD,2626.28
 2022-02-28 09:38:02.506911,ETHUSD,2627.46
 2022-02-28 09:39:01.89569 ,ETHUSD,2630.93
 2022-02-28 09:40:01.617603,ETHUSD,2630.76
 2022-02-28 09:41:01.691519,ETHUSD,2629.36
 2022-02-28 09:42:02.469383,ETHUSD,2636.53
 2022-02-28 09:43:02.486186,ETHUSD,2633.62
 2022-02-28 09:44:02.215763,ETHUSD,2633.98
 2022-02-28 09:45:01.740769,ETHUSD,2635.43
 2022-02-28 09:46:02.448418,ETHUSD,2636.85
 2022-02-28 09:47:01.992998,ETHUSD, 2631.6
 2022-02-28 09:48:01.757589,ETHUSD,2635.46
 2022-02-28 09:49:02.400954,ETHUSD,2635.95
 2022-02-28 09:50:02.106051,ETHUSD,2634.74
 2022-02-28 09:51:01.875292,ETHUSD,2634.49
 2022-02-28 09:52:01.59218 ,ETHUSD,2631.76
 2022-02-28 09:53:02.329831,ETHUSD,2636.96
 2022-02-28 09:54:02.436268,ETHUSD,2638.26
 2022-02-28 09:55:01.998638,ETHUSD, 2638.1
 2022-02-28 09:56:01.734048,ETHUSD,2637.39
 2022-02-28 09:57:02.535829,ETHUSD,2636.09
 2022-02-28 09:58:02.248937,ETHUSD,2636.67
 2022-02-28 09:59:02.261074,ETHUSD,2624.19
 2022-02-28 10:00:02.018604,ETHUSD,2614.93
 2022-02-28 10:01:01.858016,ETHUSD,2618.67
 2022-02-28 10:02:01.605713,ETHUSD,2617.29
 2022-02-28 10:03:01.712518,ETHUSD,2621.63
 2022-02-28 10:04:02.479079,ETHUSD,2625.46
 2022-02-28 10:05:01.957916,ETHUSD,2623.69
 2022-02-28 10:06:01.665663,ETHUSD,2626.12
 2022-02-28 10:07:02.288033,ETHUSD,2625.42
 2022-02-28 10:08:02.045703,ETHUSD,2621.49
 2022-02-28 10:09:02.275566,ETHUSD,2621.05
 2022-02-28 10:10:02.043461,ETHUSD, 2622.8
 2022-02-28 10:11:02.220456,ETHUSD,2620.39
 2022-02-28 10:12:01.985383,ETHUSD,2623.98
 2022-02-28 10:13:01.596428,ETHUSD,2622.44
 2022-02-28 10:14:02.405872,ETHUSD,2623.85
 2022-02-28 10:15:01.733353,ETHUSD,2623.61
 2022-02-28 10:16:02.457864,ETHUSD,2624.19
 2022-02-28 10:17:02.322586,ETHUSD,2625.45
 2022-02-28 10:18:02.086138,ETHUSD,2629.46
 2022-02-28 10:19:01.811878,ETHUSD,2632.27
 2022-02-28 10:20:02.613727,ETHUSD, 2634.1
 2022-02-28 10:21:02.42437 ,ETHUSD,2633.92
 2022-02-28 10:22:02.480198,ETHUSD,2635.57
 2022-02-28 10:23:01.938176,ETHUSD,2634.71
 2022-02-28 10:24:01.676704,ETHUSD, 2634.3
 2022-02-28 10:25:02.062927,ETHUSD,2635.76
 2022-02-28 10:26:01.778336,ETHUSD,2635.44
 2022-02-28 10:27:01.720855,ETHUSD,2633.77
 2022-02-28 10:28:02.430701,ETHUSD,2633.02
 2022-02-28 10:29:02.152114,ETHUSD,2631.43
 2022-02-28 10:30:02.022857,ETHUSD,2630.16
 2022-02-28 10:31:02.028049,ETHUSD,2628.89
 2022-02-28 10:32:01.84014 ,ETHUSD,2634.18
 2022-02-28 10:33:02.319119,ETHUSD,2637.03
 2022-02-28 10:34:02.031889,ETHUSD,2639.44
 2022-02-28 10:35:02.483424,ETHUSD,2639.55
 2022-02-28 10:36:02.182598,ETHUSD,2641.37
 2022-02-28 10:37:01.692355,ETHUSD,2640.77
 2022-02-28 10:38:02.450318,ETHUSD,2642.69
 2022-02-28 10:39:02.12527 ,ETHUSD,2641.07
 2022-02-28 10:40:01.865565,ETHUSD,2642.43
 2022-02-28 10:41:02.545237,ETHUSD,2641.27
 2022-02-28 10:42:02.238198,ETHUSD,2638.97
 2022-02-28 10:43:02.404742,ETHUSD,2639.16
 2022-02-28 10:44:02.130973,ETHUSD,2638.63
 2022-02-28 10:45:01.7016  ,ETHUSD,2638.71
 2022-02-28 10:46:02.461618,ETHUSD,2636.16
 2022-02-28 10:47:02.300531,ETHUSD,2645.26
 2022-02-28 10:48:02.126759,ETHUSD,2640.08
 2022-02-28 10:49:01.786482,ETHUSD,2640.95
 2022-02-28 10:50:02.459483,ETHUSD,2637.88
 2022-02-28 10:51:02.147708,ETHUSD,2636.83
 2022-02-28 10:52:01.960757,ETHUSD,2638.48
 2022-02-28 10:53:02.101378,ETHUSD,2638.02
 2022-02-28 10:54:01.829797,ETHUSD,2638.41
 2022-02-28 10:55:01.781532,ETHUSD,2638.49
 2022-02-28 10:56:02.488836,ETHUSD,2638.28
 2022-02-28 10:57:02.340876,ETHUSD,2639.65
 2022-02-28 10:58:02.163812,ETHUSD,2635.98
 2022-02-28 10:59:02.270385,ETHUSD, 2637.4
 2022-02-28 11:00:02.056468,ETHUSD,2641.67
 2022-02-28 11:01:01.568928,ETHUSD,2643.62
 2022-02-28 11:02:02.290269,ETHUSD,2646.85
 2022-02-28 11:03:01.752477,ETHUSD,2638.71
 2022-02-28 11:04:02.478661,ETHUSD,2638.77
 2022-02-28 11:05:01.99489 ,ETHUSD,2636.74
 2022-02-28 11:06:01.769611,ETHUSD,2631.78
 2022-02-28 11:07:02.493817,ETHUSD,2636.62
 2022-02-28 11:08:02.504077,ETHUSD,2635.56
 2022-02-28 11:09:01.660102,ETHUSD,2633.85
 2022-02-28 11:10:02.471687,ETHUSD,2632.73
 2022-02-28 11:11:02.485886,ETHUSD,2632.62
 2022-02-28 11:12:02.216853,ETHUSD,2636.04
 2022-02-28 11:13:01.638545,ETHUSD,2632.84
 2022-02-28 11:14:02.405537,ETHUSD,2634.01
 2022-02-28 11:15:02.51655 ,ETHUSD,2633.27
 2022-02-28 11:16:02.262332,ETHUSD, 2631.6
 2022-02-28 11:17:01.612743,ETHUSD,2635.77
 2022-02-28 11:18:02.327752,ETHUSD,2635.44
 2022-02-28 11:19:01.96319 ,ETHUSD,2636.15
 2022-02-28 11:20:01.763657,ETHUSD,2629.62
 2022-02-28 11:21:02.449263,ETHUSD,2623.65
 2022-02-28 11:22:02.211242,ETHUSD,2628.03
 2022-02-28 11:23:02.007626,ETHUSD,2628.24
 2022-02-28 11:24:01.788829,ETHUSD,2632.56
 2022-02-28 11:25:01.860219,ETHUSD,2632.21
 2022-02-28 11:26:01.605388,ETHUSD,2633.81
 2022-02-28 11:27:02.266843,ETHUSD,2638.99
 2022-02-28 11:28:01.99839 ,ETHUSD,2638.08
 2022-02-28 11:29:01.665999,ETHUSD,2636.33
 2022-02-28 11:30:01.896269,ETHUSD,2638.69
 2022-02-28 11:31:01.619394,ETHUSD,2637.47
 2022-02-28 11:32:02.469018,ETHUSD,2638.16
 2022-02-28 11:33:02.326241,ETHUSD, 2636.2
 2022-02-28 11:34:02.116413,ETHUSD,2629.19
 2022-02-28 11:35:02.514441,ETHUSD,2632.59
 2022-02-28 11:36:02.233301,ETHUSD, 2633.5
 2022-02-28 11:37:02.48019 ,ETHUSD,2636.75
 2022-02-28 11:38:02.239072,ETHUSD, 2636.5
 2022-02-28 11:39:01.673562,ETHUSD,2638.73
 2022-02-28 11:40:02.409099,ETHUSD, 2638.2
 2022-02-28 11:41:02.086119,ETHUSD,2638.45
 2022-02-28 11:42:02.418708,ETHUSD,2644.01
 2022-02-28 11:43:01.595583,ETHUSD,2637.67
 2022-02-28 11:44:02.323681,ETHUSD,2641.05
 2022-02-28 11:45:01.915434,ETHUSD,2638.96
 2022-02-28 11:46:01.680515,ETHUSD,2642.04
 2022-02-28 11:47:01.616328,ETHUSD, 2640.7
 2022-02-28 11:48:02.385071,ETHUSD,2639.59
 2022-02-28 11:49:02.325062,ETHUSD,2641.44
 2022-02-28 11:50:02.071676,ETHUSD,2643.12
 2022-02-28 11:51:01.689618,ETHUSD,2646.26
 2022-02-28 11:52:02.451986,ETHUSD,2639.94
 2022-02-28 11:53:02.009343,ETHUSD,2640.86
 2022-02-28 11:54:01.801005,ETHUSD,2642.13
 2022-02-28 11:55:02.215982,ETHUSD,2641.45
 2022-02-28 11:56:01.981807,ETHUSD,2640.92
 2022-02-28 11:57:02.433484,ETHUSD,2645.77
 2022-02-28 11:58:02.137537,ETHUSD,2645.33
 2022-02-28 11:59:01.598653,ETHUSD,2644.22
 2022-02-28 12:00:02.513215,ETHUSD,2641.81
 2022-02-28 12:01:01.613405,ETHUSD,2642.36
 2022-02-28 12:02:02.399142,ETHUSD,2638.44
 2022-02-28 12:03:01.711967,ETHUSD,2638.11
 2022-02-28 12:04:02.554609,ETHUSD,2639.26
 2022-02-28 12:05:02.091161,ETHUSD,2643.35
 2022-02-28 12:06:01.810707,ETHUSD,2641.11
 2022-02-28 12:07:02.435225,ETHUSD,2646.63
 2022-02-28 12:08:02.223278,ETHUSD,2654.36
 2022-02-28 12:09:01.961221,ETHUSD,2647.39
 2022-02-28 12:10:02.290922,ETHUSD, 2635.4
 2022-02-28 12:11:02.166476,ETHUSD,2633.18
 2022-02-28 12:12:01.984556,ETHUSD,2629.39
 2022-02-28 12:13:01.808672,ETHUSD,2636.43
 2022-02-28 12:14:02.558498,ETHUSD,2639.61
 2022-02-28 12:15:02.455797,ETHUSD,2637.54
 2022-02-28 12:16:02.228327,ETHUSD,2642.31
 2022-02-28 12:17:02.388684,ETHUSD,2642.68
 2022-02-28 12:18:02.18373 ,ETHUSD,2643.28
 2022-02-28 12:19:02.478605,ETHUSD,2644.32
 2022-02-28 12:20:02.282428,ETHUSD, 2653.5
 2022-02-28 12:21:02.405826,ETHUSD,2650.28
 2022-02-28 12:22:02.269099,ETHUSD,   2660
 2022-02-28 12:23:01.717275,ETHUSD, 2659.7
 2022-02-28 12:24:02.462107,ETHUSD,2657.84
 2022-02-28 12:25:02.439691,ETHUSD,2660.73
 2022-02-28 12:26:02.184195,ETHUSD,2660.81
 2022-02-28 12:27:02.454548,ETHUSD,2656.99
 2022-02-28 12:28:02.172466,ETHUSD,2654.81
 2022-02-28 12:29:02.033191,ETHUSD,2657.33
 2022-02-28 12:30:01.755483,ETHUSD,2656.25
 2022-02-28 12:31:02.419491,ETHUSD,2658.62
 2022-02-28 12:32:02.168629,ETHUSD,2660.35
 2022-02-28 12:33:02.220738,ETHUSD,2654.11
 2022-02-28 12:34:01.965716,ETHUSD,2655.62
 2022-02-28 12:35:01.929706,ETHUSD,2656.63
 2022-02-28 12:36:01.687749,ETHUSD, 2657.9
 2022-02-28 12:37:02.400122,ETHUSD,2659.79
 2022-02-28 12:38:02.248046,ETHUSD,2658.15
 2022-02-28 12:39:02.002863,ETHUSD,2657.65
 2022-02-28 12:40:01.778742,ETHUSD,2658.45
 2022-02-28 12:41:02.101888,ETHUSD,2661.45
 2022-02-28 12:42:01.843705,ETHUSD,2651.76
 2022-02-28 12:43:01.998517,ETHUSD,2649.94
 2022-02-28 12:44:01.849848,ETHUSD,2645.75
 2022-02-28 12:45:02.475395,ETHUSD, 2651.4
 2022-02-28 12:46:02.229991,ETHUSD,2649.01
 2022-02-28 12:47:02.534461,ETHUSD,2651.54
 2022-02-28 12:48:02.278448,ETHUSD, 2651.7
 2022-02-28 12:49:02.545145,ETHUSD,2648.07
 2022-02-28 12:50:02.264611,ETHUSD,2650.51
 2022-02-28 12:51:02.226338,ETHUSD, 2649.2
 2022-02-28 12:52:01.958781,ETHUSD,2650.48
 2022-02-28 12:53:01.621417,ETHUSD,2649.77
 2022-02-28 12:54:02.361812,ETHUSD,2647.06
 2022-02-28 12:55:02.380978,ETHUSD,2652.99
 2022-02-28 12:56:02.09785 ,ETHUSD,2648.59
 2022-02-28 12:57:02.165951,ETHUSD,2647.17
 2022-02-28 12:58:01.897385,ETHUSD,2646.36
 2022-02-28 12:59:02.474981,ETHUSD,2641.81
 2022-02-28 13:00:02.312016,ETHUSD,2635.31
 2022-02-28 13:01:01.893849,ETHUSD,2625.96
 2022-02-28 13:02:01.64514 ,ETHUSD,2629.74
 2022-02-28 13:03:01.713107,ETHUSD,2630.42
 2022-02-28 13:04:02.443381,ETHUSD,2629.59
 2022-02-28 13:05:01.663927,ETHUSD,2628.79
 2022-02-28 13:06:02.406828,ETHUSD,2630.93
 2022-02-28 13:07:02.509291,ETHUSD,2631.71
 2022-02-28 13:08:02.223711,ETHUSD, 2634.8
 2022-02-28 13:09:01.647904,ETHUSD,2631.62
 2022-02-28 13:10:02.401094,ETHUSD,2634.56
 2022-02-28 13:11:01.714052,ETHUSD, 2637.5
 2022-02-28 13:12:02.452501,ETHUSD,2639.93
 2022-02-28 13:13:02.150738,ETHUSD,2640.97
 2022-02-28 13:14:01.97475 ,ETHUSD,2638.29
 2022-02-28 13:15:02.027183,ETHUSD,2636.85
 2022-02-28 13:16:01.819076,ETHUSD, 2637.3
 2022-02-28 13:17:02.313563,ETHUSD,2632.19
 2022-02-28 13:18:02.031932,ETHUSD,2630.13
 2022-02-28 13:19:02.519887,ETHUSD,2633.39
 2022-02-28 13:20:02.287932,ETHUSD,2632.39
 2022-02-28 13:21:01.855572,ETHUSD,2630.57
 2022-02-28 13:22:02.560549,ETHUSD,2625.95
 2022-02-28 13:23:01.682032,ETHUSD,2624.88
 2022-02-28 13:24:02.419913,ETHUSD,2621.44
 2022-02-28 13:25:01.701866,ETHUSD,2617.25
 2022-02-28 13:26:02.446651,ETHUSD,2612.44
 2022-02-28 13:27:01.797705,ETHUSD,2617.95
 2022-02-28 13:28:02.534503,ETHUSD,2616.47
 2022-02-28 13:29:01.975455,ETHUSD,2618.21
 2022-02-28 13:30:01.792118,ETHUSD, 2622.6
 2022-02-28 13:31:02.507874,ETHUSD,2626.02
 2022-02-28 13:32:01.96197 ,ETHUSD,2621.96
 2022-02-28 13:33:01.698273,ETHUSD,2620.43
 2022-02-28 13:34:02.458532,ETHUSD,2614.82
 2022-02-28 13:35:02.181689,ETHUSD,2618.03
 2022-02-28 13:36:02.591036,ETHUSD,2608.97
 2022-02-28 13:37:02.318148,ETHUSD,2613.98
 2022-02-28 13:38:02.101955,ETHUSD, 2614.8
 2022-02-28 13:39:01.730261,ETHUSD,2616.25
 2022-02-28 13:40:02.502221,ETHUSD,2613.73
 2022-02-28 13:41:02.398151,ETHUSD,2620.24
 2022-02-28 13:42:02.242562,ETHUSD,2618.64
 2022-02-28 13:43:01.657711,ETHUSD,2617.06
 2022-02-28 13:44:02.394486,ETHUSD,2620.13
 2022-02-28 13:45:02.431093,ETHUSD,2620.51
 2022-02-28 13:46:02.208693,ETHUSD,2621.77
 2022-02-28 13:47:01.922729,ETHUSD,2617.97
 2022-02-28 13:48:01.878553,ETHUSD,2618.89
 2022-02-28 13:49:02.162711,ETHUSD, 2616.4
 2022-02-28 13:50:02.029541,ETHUSD,2618.74
 2022-02-28 13:51:01.608611,ETHUSD,2619.31
 2022-02-28 13:52:02.362227,ETHUSD,2622.25
 2022-02-28 13:53:02.368951,ETHUSD,2624.41
 2022-02-28 13:54:02.197431,ETHUSD,2623.45
 2022-02-28 13:55:01.764665,ETHUSD,2621.96
 2022-02-28 13:56:02.534974,ETHUSD,2622.66
 2022-02-28 13:57:01.989368,ETHUSD,2623.19
 2022-02-28 13:58:01.820242,ETHUSD,2620.98
 2022-02-28 13:59:02.219473,ETHUSD,2620.27
 2022-02-28 14:00:02.051827,ETHUSD,2618.27
 2022-02-28 14:01:02.449286,ETHUSD,2618.31
 2022-02-28 14:02:02.187289,ETHUSD,2620.78
 2022-02-28 14:03:01.903572,ETHUSD,2617.23
 2022-02-28 14:04:01.666537,ETHUSD,2620.54
 2022-02-28 14:05:02.364049,ETHUSD,2618.66
 2022-02-28 14:06:01.719813,ETHUSD,2622.95
 2022-02-28 14:07:02.251222,ETHUSD,2624.07
 2022-02-28 14:08:01.975876,ETHUSD,2623.06
 2022-02-28 14:09:02.36241 ,ETHUSD,2625.43
 2022-02-28 14:10:02.13975 ,ETHUSD,2626.87
 2022-02-28 14:11:02.32687 ,ETHUSD,2629.11
 2022-02-28 14:12:02.096321,ETHUSD,2626.62
 2022-02-28 14:13:02.050981,ETHUSD,2631.23
 2022-02-28 14:14:01.858685,ETHUSD,2633.11
 2022-02-28 14:15:01.607303,ETHUSD,2638.43
 2022-02-28 14:16:02.459386,ETHUSD,2656.88
 2022-02-28 14:17:01.74478 ,ETHUSD,2673.36
 2022-02-28 14:18:02.576203,ETHUSD,2676.01
 2022-02-28 14:19:01.856982,ETHUSD,2673.63
 2022-02-28 14:20:01.750006,ETHUSD,2678.91
 2022-02-28 14:21:01.699376,ETHUSD,2679.78
 2022-02-28 14:22:01.842464,ETHUSD,2674.79
 2022-02-28 14:23:02.003975,ETHUSD,2678.31
 2022-02-28 14:24:01.826192,ETHUSD,2677.41
 2022-02-28 14:25:01.988234,ETHUSD,2672.93
 2022-02-28 14:26:01.753632,ETHUSD,2675.58
 2022-02-28 14:27:02.261359,ETHUSD,2672.21
 2022-02-28 14:28:02.048356,ETHUSD,2679.79
 2022-02-28 14:29:02.246185,ETHUSD,2687.88
 2022-02-28 14:30:01.957314,ETHUSD,2692.02
 2022-02-28 14:31:01.742296,ETHUSD,2695.63
 2022-02-28 14:32:02.469554,ETHUSD,2699.93
 2022-02-28 14:33:01.705309,ETHUSD,2708.03
 2022-02-28 14:34:02.461662,ETHUSD,2707.57
 2022-02-28 14:35:01.840934,ETHUSD,2717.49
 2022-02-28 14:36:02.559456,ETHUSD,2719.54
 2022-02-28 14:37:02.242035,ETHUSD,2714.29
 2022-02-28 14:38:02.022623,ETHUSD,2714.69
 2022-02-28 14:39:01.814568,ETHUSD,2711.22
 2022-02-28 14:40:02.549437,ETHUSD,2710.94
 2022-02-28 14:41:02.119464,ETHUSD,2709.63
 2022-02-28 14:42:01.840947,ETHUSD,2709.87
 2022-02-28 14:43:01.942658,ETHUSD,2714.05
 2022-02-28 14:44:01.675651,ETHUSD,2708.36
 2022-02-28 14:45:02.396979,ETHUSD, 2708.1
 2022-02-28 14:46:02.143705,ETHUSD,2716.45
 2022-02-28 14:47:01.995111,ETHUSD,2712.08
 2022-02-28 14:48:01.751758,ETHUSD,2714.54
 2022-02-28 14:49:01.604403,ETHUSD,2717.53
 2022-02-28 14:50:02.404388,ETHUSD,2718.32
 2022-02-28 14:51:02.110477,ETHUSD, 2725.5
 2022-02-28 14:52:01.957785,ETHUSD,2722.03
 2022-02-28 14:53:02.482437,ETHUSD,2723.57
 2022-02-28 14:54:02.297629,ETHUSD,2738.11
 2022-02-28 14:55:02.120516,ETHUSD,2735.55
 2022-02-28 14:56:01.851724,ETHUSD,2738.45
 2022-02-28 14:57:01.698421,ETHUSD,2738.35
 2022-02-28 14:58:02.431829,ETHUSD,2747.82
 2022-02-28 14:59:01.805827,ETHUSD,2759.38
 2022-02-28 15:00:02.609718,ETHUSD,2759.44
 2022-02-28 15:01:01.820365,ETHUSD,2759.25
 2022-02-28 15:02:02.644798,ETHUSD,2748.17
 2022-02-28 15:03:01.605741,ETHUSD,2746.38
 2022-02-28 15:04:02.464596,ETHUSD,2742.75
 2022-02-28 15:05:02.264456,ETHUSD,   2746
 2022-02-28 15:06:02.073722,ETHUSD,2749.07
 2022-02-28 15:07:02.263188,ETHUSD,2745.96
 2022-02-28 15:08:02.014267,ETHUSD,2746.16
 2022-02-28 15:09:02.26533 ,ETHUSD,2742.25
 2022-02-28 15:10:02.052912,ETHUSD,2743.92
 2022-02-28 15:11:02.51707 ,ETHUSD,2748.43
 2022-02-28 15:12:02.302942,ETHUSD,2747.51
 2022-02-28 15:13:01.881308,ETHUSD,2751.64
 2022-02-28 15:14:01.621475,ETHUSD,2753.78
 2022-02-28 15:15:02.11367 ,ETHUSD,2755.72
 2022-02-28 15:16:01.856547,ETHUSD,2757.04
 2022-02-28 15:17:02.498943,ETHUSD,2779.04
 2022-02-28 15:18:02.279433,ETHUSD,2790.33
 2022-02-28 15:19:01.615896,ETHUSD,2799.82
 2022-02-28 15:20:02.377957,ETHUSD,2805.63
 2022-02-28 15:21:02.133997,ETHUSD,2801.93
 2022-02-28 15:22:01.900758,ETHUSD,2807.87
 2022-02-28 15:23:01.811896,ETHUSD,2810.67
 2022-02-28 15:24:02.573826,ETHUSD,2810.41
 2022-02-28 15:25:01.856462,ETHUSD,2805.77
 2022-02-28 15:26:02.591153,ETHUSD,2796.24
 2022-02-28 15:27:01.938752,ETHUSD,2789.37
 2022-02-28 15:28:01.753134,ETHUSD,2799.05
 2022-02-28 15:29:02.544816,ETHUSD,2796.76
 2022-02-28 15:30:02.340258,ETHUSD,2792.82
 2022-02-28 15:31:02.139967,ETHUSD,2797.87
 2022-02-28 15:32:01.950083,ETHUSD,2800.65
 2022-02-28 15:33:02.297004,ETHUSD,2800.69
 2022-02-28 15:34:02.091572,ETHUSD,2800.68
 2022-02-28 15:35:02.526065,ETHUSD,2805.08
 2022-02-28 15:36:02.373943,ETHUSD,2809.95
 2022-02-28 15:37:01.896612,ETHUSD,2814.23
 2022-02-28 15:38:01.898551,ETHUSD,2812.16
 2022-02-28 15:39:02.528264,ETHUSD,2813.16
 2022-02-28 15:40:01.961895,ETHUSD,2810.85
 2022-02-28 15:41:01.758807,ETHUSD,2819.14
 2022-02-28 15:42:01.889659,ETHUSD,2811.48
 2022-02-28 15:43:02.005542,ETHUSD,2812.56
 2022-02-28 15:44:02.411766,ETHUSD, 2811.6
 2022-02-28 15:45:02.322057,ETHUSD,   2803
 2022-02-28 15:46:01.78111 ,ETHUSD,2803.61
 2022-02-28 15:47:02.549118,ETHUSD,2807.95
 2022-02-28 15:48:01.921298,ETHUSD, 2810.8
 2022-02-28 15:49:01.879725,ETHUSD,2807.51
 2022-02-28 15:50:01.854726,ETHUSD,2806.59
 2022-02-28 15:51:02.007127,ETHUSD,2804.84
 2022-02-28 15:52:02.455575,ETHUSD,2810.75
 2022-02-28 15:53:01.59581 ,ETHUSD,2817.15
 2022-02-28 15:54:02.041543,ETHUSD,2812.33
 2022-02-28 15:55:02.190956,ETHUSD,2813.21
 2022-02-28 15:56:02.553969,ETHUSD,2816.27
 2022-02-28 15:57:02.199204,ETHUSD,2822.27
 2022-02-28 15:58:02.601825,ETHUSD,2814.19
 2022-02-28 15:59:02.487422,ETHUSD,2819.76
 2022-02-28 16:00:02.4877  ,ETHUSD,2818.71
 2022-02-28 16:01:01.704378,ETHUSD,2818.19
 2022-02-28 16:02:02.119169,ETHUSD,2825.49
 2022-02-28 16:03:02.577092,ETHUSD,2823.88
 2022-02-28 16:04:01.951703,ETHUSD,2827.11
 2022-02-28 16:05:01.874849,ETHUSD,2832.43
 2022-02-28 16:06:02.339683,ETHUSD,2829.24
 2022-02-28 16:07:02.405865,ETHUSD,2823.77
 2022-02-28 16:08:02.359468,ETHUSD, 2812.5
 2022-02-28 16:09:02.345784,ETHUSD,2813.36
 2022-02-28 16:10:01.688191,ETHUSD,2812.29
 2022-02-28 16:11:02.531275,ETHUSD,2799.68
 2022-02-28 16:12:01.923518,ETHUSD,2804.14
 2022-02-28 16:13:02.110731,ETHUSD,2803.78
 2022-02-28 16:14:02.514302,ETHUSD,2806.32
 2022-02-28 16:15:02.586152,ETHUSD, 2804.8
 2022-02-28 16:16:02.008583,ETHUSD,2806.21
 2022-02-28 16:17:01.64969 ,ETHUSD,2805.28
 2022-02-28 16:18:01.696664,ETHUSD,2808.08
 2022-02-28 16:19:02.068179,ETHUSD,2810.78
 2022-02-28 16:20:02.497515,ETHUSD,2814.32
 2022-02-28 16:21:02.301194,ETHUSD,2815.38
 2022-02-28 16:22:01.695798,ETHUSD,2812.96
 2022-02-28 16:23:01.958341,ETHUSD,2815.05
 2022-02-28 16:24:02.314579,ETHUSD,2820.76
 2022-02-28 16:25:01.990868,ETHUSD,2826.98
 2022-02-28 16:26:02.420482,ETHUSD,2826.63
 2022-02-28 16:27:02.559098,ETHUSD,2827.49
 2022-02-28 16:28:01.953053,ETHUSD,2825.26
 2022-02-28 16:29:01.966847,ETHUSD,2824.78
 2022-02-28 16:30:02.590836,ETHUSD,2823.85
 2022-02-28 16:31:02.337416,ETHUSD,2823.77
 2022-02-28 16:32:02.249897,ETHUSD,2820.94
 2022-02-28 16:33:01.829005,ETHUSD,2817.88
 2022-02-28 16:34:02.203315,ETHUSD,2816.59
 2022-02-28 16:35:02.541071,ETHUSD,   2813
 2022-02-28 16:36:01.94152 ,ETHUSD,2815.58
 2022-02-28 16:37:02.383371,ETHUSD,   2815
 2022-02-28 16:38:01.809151,ETHUSD,2818.58
 2022-02-28 16:39:01.694058,ETHUSD,2815.36
 2022-02-28 16:40:02.186691,ETHUSD,2820.97
 2022-02-28 16:41:01.944006,ETHUSD,2826.51
 2022-02-28 16:42:02.439803,ETHUSD,2828.43
 2022-02-28 16:43:02.507514,ETHUSD,2824.13
 2022-02-28 16:44:01.989767,ETHUSD, 2824.5
 2022-02-28 16:45:01.626184,ETHUSD,2822.39
 2022-02-28 16:46:02.173339,ETHUSD,2820.12
 2022-02-28 16:47:01.836593,ETHUSD,   2819
 2022-02-28 16:48:02.32889 ,ETHUSD,2811.44
 2022-02-28 16:49:02.1941  ,ETHUSD,2812.45
 2022-02-28 16:50:01.719292,ETHUSD,2810.88
 2022-02-28 16:51:01.9217  ,ETHUSD,2806.78
 2022-02-28 16:52:02.354321,ETHUSD,2807.05
 2022-02-28 16:53:01.878537,ETHUSD, 2806.4
 2022-02-28 16:54:01.844999,ETHUSD,2809.92
 2022-02-28 16:55:01.819849,ETHUSD,2808.82
 2022-02-28 16:56:01.764604,ETHUSD,2812.38
 2022-02-28 16:57:02.406808,ETHUSD,2815.26
 2022-02-28 16:58:01.84769 ,ETHUSD,2814.57
 2022-02-28 16:59:01.624572,ETHUSD,2814.35
 2022-02-28 17:00:02.197789,ETHUSD,2812.91
 2022-02-28 17:01:02.38094 ,ETHUSD,2807.81
 2022-02-28 17:02:01.766188,ETHUSD,2812.53
 2022-02-28 17:03:01.563825,ETHUSD,2812.37
 2022-02-28 17:04:02.574763,ETHUSD,2812.02
 2022-02-28 17:05:02.178441,ETHUSD,2806.37
 2022-02-28 17:06:02.529342,ETHUSD,2805.34
 2022-02-28 17:07:01.588065,ETHUSD,2805.61
 2022-02-28 17:08:01.962325,ETHUSD,2803.59
 2022-02-28 17:09:02.562939,ETHUSD,2801.55
 2022-02-28 17:10:02.528336,ETHUSD,2800.41
 2022-02-28 17:11:01.618626,ETHUSD,2797.97
 2022-02-28 17:12:01.988412,ETHUSD, 2800.3
 2022-02-28 17:13:02.522538,ETHUSD,2796.43
 2022-02-28 17:14:01.9353  ,ETHUSD,2800.45
 2022-02-28 17:15:02.268734,ETHUSD,2798.72
 2022-02-28 17:16:01.66143 ,ETHUSD,2797.13
 2022-02-28 17:17:02.308412,ETHUSD,2792.37
 2022-02-28 17:18:01.893441,ETHUSD,2796.44
 2022-02-28 17:19:01.670542,ETHUSD,2800.12
 2022-02-28 17:20:01.839141,ETHUSD,2801.15
 2022-02-28 17:21:02.181994,ETHUSD,2803.28
 2022-02-28 17:22:01.661023,ETHUSD,2807.14
 2022-02-28 17:23:01.936971,ETHUSD,2806.38
 2022-02-28 17:24:02.321316,ETHUSD,2802.13
 2022-02-28 17:25:02.14432 ,ETHUSD,2802.75
 2022-02-28 17:26:02.464926,ETHUSD,2803.16
 2022-02-28 17:27:02.205295,ETHUSD,2806.01
 2022-02-28 17:28:02.588462,ETHUSD, 2806.6
 2022-02-28 17:29:02.074768,ETHUSD,2807.85
 2022-02-28 17:30:02.50656 ,ETHUSD,2806.85
 2022-02-28 17:31:01.888376,ETHUSD,2809.74
 2022-02-28 17:32:02.342772,ETHUSD,2810.74
 2022-02-28 17:33:02.402645,ETHUSD,2806.59
 2022-02-28 17:34:02.380486,ETHUSD,2803.27
 2022-02-28 17:35:02.280126,ETHUSD,2798.13
 2022-02-28 17:36:02.205554,ETHUSD,2803.48
 2022-02-28 17:37:01.825044,ETHUSD,2796.88
 2022-02-28 17:38:01.820463,ETHUSD,2795.37
 2022-02-28 17:39:02.475381,ETHUSD,2797.36
 2022-02-28 17:40:01.856783,ETHUSD,2798.05
 2022-02-28 17:41:02.598273,ETHUSD,2796.18
 2022-02-28 17:42:02.069633,ETHUSD,   2798
 2022-02-28 17:43:01.829893,ETHUSD,2798.72
 2022-02-28 17:44:01.875985,ETHUSD,2797.75
 2022-02-28 17:45:02.279628,ETHUSD, 2794.8
 2022-02-28 17:46:01.877916,ETHUSD,2793.18
 2022-02-28 17:47:01.833611,ETHUSD,2793.26
 2022-02-28 17:48:02.279172,ETHUSD,2793.27
 2022-02-28 17:49:02.283164,ETHUSD,2795.03
 2022-02-28 17:50:01.662167,ETHUSD, 2798.4
 2022-02-28 17:51:01.608711,ETHUSD,2797.84
 2022-02-28 17:52:02.621995,ETHUSD,2799.11
 2022-02-28 17:53:02.013871,ETHUSD,2800.52
 2022-02-28 17:54:02.23618 ,ETHUSD, 2802.6
 2022-02-28 17:55:02.026179,ETHUSD, 2801.4
 2022-02-28 17:56:02.431681,ETHUSD,2803.57
 2022-02-28 17:57:02.046552,ETHUSD,2807.44
 2022-02-28 17:58:02.514233,ETHUSD,2816.55
 2022-02-28 17:59:01.684669,ETHUSD, 2818.7
 2022-02-28 18:00:01.738577,ETHUSD,2823.73
 2022-02-28 18:01:01.638554,ETHUSD,2820.42
 2022-02-28 18:02:01.695723,ETHUSD,2821.92
 2022-02-28 18:03:02.398725,ETHUSD,2821.91
 2022-02-28 18:04:01.823677,ETHUSD,2818.24
 2022-02-28 18:05:02.44929 ,ETHUSD,2820.78
 2022-02-28 18:06:01.790537,ETHUSD,2815.97
 2022-02-28 18:07:01.782181,ETHUSD, 2818.8
 2022-02-28 18:08:01.750857,ETHUSD,2819.29
 2022-02-28 18:09:02.484927,ETHUSD,2818.16
 2022-02-28 18:10:01.814199,ETHUSD,2814.29
 2022-02-28 18:11:02.450227,ETHUSD,2815.57
 2022-02-28 18:12:01.837518,ETHUSD,2817.13
 2022-02-28 18:13:02.532005,ETHUSD, 2816.6
 2022-02-28 18:14:01.959947,ETHUSD,2816.26
 2022-02-28 18:15:01.985258,ETHUSD,2813.91
 2022-02-28 18:16:02.404786,ETHUSD,2812.58
 2022-02-28 18:17:01.666251,ETHUSD,2810.21
 2022-02-28 18:18:02.135936,ETHUSD,2810.05
 2022-02-28 18:19:02.402771,ETHUSD,2807.54
 2022-02-28 18:20:01.8078  ,ETHUSD,2805.91
 2022-02-28 18:21:02.583498,ETHUSD,   2807
 2022-02-28 18:22:02.010192,ETHUSD,2807.26
 2022-02-28 18:23:02.131744,ETHUSD,2805.71
 2022-02-28 18:24:02.566587,ETHUSD,2803.85
 2022-02-28 18:25:02.017276,ETHUSD,2804.78
 2022-02-28 18:26:02.394031,ETHUSD,2801.49
 2022-02-28 18:27:01.752214,ETHUSD, 2804.8
 2022-02-28 18:28:02.163454,ETHUSD,2804.36
 2022-02-28 18:29:02.032485,ETHUSD,2803.46
 2022-02-28 18:30:02.124313,ETHUSD,2801.77
 2022-02-28 18:31:01.97392 ,ETHUSD,2802.95
 2022-02-28 18:32:02.528877,ETHUSD,2804.49
 2022-02-28 18:33:01.965034,ETHUSD,2802.28
 2022-02-28 18:34:02.574797,ETHUSD,2802.39
 2022-02-28 18:35:01.97003 ,ETHUSD,   2805
 2022-02-28 18:36:02.484967,ETHUSD,2805.37
 2022-02-28 18:37:02.325359,ETHUSD,2806.49
 2022-02-28 18:38:01.784744,ETHUSD,2805.14
 2022-02-28 18:39:02.162548,ETHUSD,2810.99
 2022-02-28 18:40:02.328702,ETHUSD,2806.17
 2022-02-28 18:41:02.319776,ETHUSD,2801.55
 2022-02-28 18:42:01.704146,ETHUSD,2798.41
 2022-02-28 18:43:01.934891,ETHUSD,2799.07
 2022-02-28 18:44:02.308657,ETHUSD,2800.48
 2022-02-28 18:45:02.090281,ETHUSD,2798.88
 2022-02-28 18:46:02.646777,ETHUSD,2801.31
 2022-02-28 18:47:02.166676,ETHUSD,2803.26
 2022-02-28 18:48:02.56441 ,ETHUSD,2805.33
 2022-02-28 18:49:02.502969,ETHUSD,2804.86
 2022-02-28 18:50:01.890332,ETHUSD,2804.99
 2022-02-28 18:51:02.023027,ETHUSD,2804.65
 2022-02-28 18:52:02.627049,ETHUSD,2805.57
 2022-02-28 18:53:02.341977,ETHUSD,2806.98
 2022-02-28 18:54:01.76902 ,ETHUSD,2808.23
 2022-02-28 18:55:02.086729,ETHUSD,2808.01
 2022-02-28 18:56:02.083422,ETHUSD,2810.47
 2022-02-28 18:57:02.534865,ETHUSD,2810.72
 2022-02-28 18:58:01.892256,ETHUSD,2810.89
 2022-02-28 18:59:02.177462,ETHUSD,2808.03
 2022-02-28 19:00:02.276901,ETHUSD,2807.81
 2022-02-28 19:01:02.414897,ETHUSD,2804.76
 2022-02-28 19:02:02.318332,ETHUSD,2803.35
 2022-02-28 19:03:02.13432 ,ETHUSD,2802.03
 2022-02-28 19:04:02.598101,ETHUSD, 2799.4
 2022-02-28 19:05:01.679272,ETHUSD,2796.73
 2022-02-28 19:06:02.123123,ETHUSD,2796.61
 2022-02-28 19:07:02.258376,ETHUSD,2797.79
 2022-02-28 19:08:02.607626,ETHUSD,2797.37
 2022-02-28 19:09:02.344793,ETHUSD,2792.81
 2022-02-28 19:10:01.696559,ETHUSD,2794.93
 2022-02-28 19:11:01.697552,ETHUSD,2800.41
 2022-02-28 19:12:02.136671,ETHUSD,2802.06
 2022-02-28 19:13:01.702386,ETHUSD,2799.71
 2022-02-28 19:14:02.620685,ETHUSD,2799.55
 2022-02-28 19:15:02.329784,ETHUSD,2798.96
 2022-02-28 19:16:01.858602,ETHUSD,2802.88
 2022-02-28 19:17:02.253599,ETHUSD,2801.65
 2022-02-28 19:18:01.738351,ETHUSD,2799.82
 2022-02-28 19:19:02.224122,ETHUSD,2801.25
 2022-02-28 19:20:02.246573,ETHUSD,2802.76
 2022-02-28 19:21:01.912608,ETHUSD,2799.19
 2022-02-28 19:22:02.337701,ETHUSD,2801.44
 2022-02-28 19:23:02.199867,ETHUSD,2799.57
 2022-02-28 19:24:01.708673,ETHUSD,2796.68
 2022-02-28 19:25:02.357818,ETHUSD,2794.78
 2022-02-28 19:26:01.748249,ETHUSD, 2796.1
 2022-02-28 19:27:01.910507,ETHUSD,2795.82
 2022-02-28 19:28:02.451594,ETHUSD,2793.53
 2022-02-28 19:29:02.45293 ,ETHUSD,2793.37
 2022-02-28 19:30:01.851705,ETHUSD,2795.02
 2022-02-28 19:31:01.6655  ,ETHUSD,2799.58
 2022-02-28 19:32:02.577823,ETHUSD,2800.33
 2022-02-28 19:33:02.349467,ETHUSD,2801.88
 2022-02-28 19:34:01.840755,ETHUSD,2798.79
 2022-02-28 19:35:02.249166,ETHUSD, 2798.8
 2022-02-28 19:36:01.699096,ETHUSD,2800.84
 2022-02-28 19:37:02.391257,ETHUSD,2801.14
 2022-02-28 19:38:02.23302 ,ETHUSD,2798.84
 2022-02-28 19:39:02.009361,ETHUSD,2798.41
 2022-02-28 19:40:02.45877 ,ETHUSD,2796.86
 2022-02-28 19:41:02.548268,ETHUSD, 2799.8
 2022-02-28 19:42:01.901191,ETHUSD,2800.43
 2022-02-28 19:43:01.806707,ETHUSD,2800.68
 2022-02-28 19:44:02.248234,ETHUSD,2802.46
 2022-02-28 19:45:01.86896 ,ETHUSD,2800.99
 2022-02-28 19:46:02.504474,ETHUSD, 2801.5
 2022-02-28 19:47:02.235129,ETHUSD,2802.29
 2022-02-28 19:48:02.215459,ETHUSD,2799.92
 2022-02-28 19:49:02.157387,ETHUSD,2796.52
 2022-02-28 19:50:01.768509,ETHUSD,2797.58
 2022-02-28 19:51:02.504011,ETHUSD,2799.63
 2022-02-28 19:52:01.977033,ETHUSD,2797.23
 2022-02-28 19:53:01.978597,ETHUSD,2800.56
 2022-02-28 19:54:02.398361,ETHUSD,2802.02
 2022-02-28 19:55:01.592445,ETHUSD,2800.72
 2022-02-28 19:56:02.081439,ETHUSD,2800.91
 2022-02-28 19:57:01.79397 ,ETHUSD,2804.12
 2022-02-28 19:58:02.217288,ETHUSD,2810.51
 2022-02-28 19:59:01.703924,ETHUSD,2809.14
 2022-02-28 20:00:02.226628,ETHUSD,2808.84
 2022-02-28 20:01:01.932558,ETHUSD, 2809.6
 2022-02-28 20:02:01.92743 ,ETHUSD,2807.94
 2022-02-28 20:03:02.026144,ETHUSD,2804.15
 2022-02-28 20:04:02.549838,ETHUSD,2811.36
 2022-02-28 20:05:02.322346,ETHUSD,2808.85
 2022-02-28 20:06:01.791144,ETHUSD, 2800.5
 2022-02-28 20:07:02.503203,ETHUSD,2800.99
 2022-02-28 20:08:01.960927,ETHUSD,2806.62
 2022-02-28 20:09:02.135815,ETHUSD,2809.87
 2022-02-28 20:10:02.555786,ETHUSD,2810.79
 2022-02-28 20:11:01.742788,ETHUSD,2810.92
 2022-02-28 20:12:02.291157,ETHUSD, 2811.3
 2022-02-28 20:13:02.067997,ETHUSD,2810.89
 2022-02-28 20:14:02.471744,ETHUSD,2814.29
 2022-02-28 20:15:01.930061,ETHUSD,2813.88
 2022-02-28 20:16:02.422601,ETHUSD,2811.77
 2022-02-28 20:17:02.306305,ETHUSD,2811.76
 2022-02-28 20:18:01.75735 ,ETHUSD,2812.66
 2022-02-28 20:19:02.208534,ETHUSD,2818.54
 2022-02-28 20:20:01.733116,ETHUSD,2820.49
 2022-02-28 20:21:02.224422,ETHUSD, 2823.5
 2022-02-28 20:22:01.755212,ETHUSD,2828.93
 2022-02-28 20:23:02.360442,ETHUSD,2831.95
 2022-02-28 20:24:01.872093,ETHUSD, 2830.5
 2022-02-28 20:25:01.986176,ETHUSD,2829.14
 2022-02-28 20:26:02.535562,ETHUSD,2827.14
 2022-02-28 20:27:02.338396,ETHUSD,2823.91
 2022-02-28 20:28:01.736589,ETHUSD, 2828.1
 2022-02-28 20:29:01.669577,ETHUSD,2825.71
 2022-02-28 20:30:02.173046,ETHUSD,2825.08
 2022-02-28 20:31:02.55574 ,ETHUSD,2819.64
 2022-02-28 20:32:02.468301,ETHUSD,2824.63
 2022-02-28 20:33:01.789345,ETHUSD,2823.24
 2022-02-28 20:34:01.877658,ETHUSD,2821.49
 2022-02-28 20:35:02.112674,ETHUSD,2823.23
 2022-02-28 20:36:02.453046,ETHUSD,2821.16
 2022-02-28 20:37:01.680929,ETHUSD,2818.54
 2022-02-28 20:38:01.662861,ETHUSD,2820.94
 2022-02-28 20:39:02.079316,ETHUSD,2819.48
 2022-02-28 20:40:02.497916,ETHUSD,2822.42
 2022-02-28 20:41:01.669916,ETHUSD,2824.29
 2022-02-28 20:42:02.633535,ETHUSD,2826.87
 2022-02-28 20:43:01.780399,ETHUSD,2826.21
 2022-02-28 20:44:02.172207,ETHUSD,2827.31
 2022-02-28 20:45:01.890904,ETHUSD,2833.18
 2022-02-28 20:46:02.373673,ETHUSD,2833.95
 2022-02-28 20:47:02.476178,ETHUSD, 2831.9
 2022-02-28 20:48:02.485722,ETHUSD,2834.43
 2022-02-28 20:49:02.559725,ETHUSD,2835.77
 2022-02-28 20:50:01.922625,ETHUSD,2838.09
 2022-02-28 20:51:02.189739,ETHUSD,2834.22
 2022-02-28 20:52:02.602599,ETHUSD,2831.87
 2022-02-28 20:53:01.812371,ETHUSD,2828.12
 2022-02-28 20:54:01.880902,ETHUSD, 2824.7
 2022-02-28 20:55:02.279801,ETHUSD,2833.07
 2022-02-28 20:56:01.662385,ETHUSD,2827.85
 2022-02-28 20:57:01.891617,ETHUSD,2829.17
 2022-02-28 20:58:01.885971,ETHUSD,2828.07
 2022-02-28 20:59:01.683543,ETHUSD,2833.43
 2022-02-28 21:00:01.725066,ETHUSD, 2836.3
 2022-02-28 21:01:02.260416,ETHUSD, 2829.1
 2022-02-28 21:02:01.715511,ETHUSD,2829.72
 2022-02-28 21:03:02.416144,ETHUSD,2831.38
 2022-02-28 21:04:01.847204,ETHUSD,2827.39
 2022-02-28 21:05:01.659105,ETHUSD,2827.29
 2022-02-28 21:06:02.054031,ETHUSD,2824.41
 2022-02-28 21:07:02.289088,ETHUSD,2825.07
 2022-02-28 21:08:01.674066,ETHUSD,2823.29
 2022-02-28 21:09:02.597262,ETHUSD,2822.93
 2022-02-28 21:10:02.006493,ETHUSD,2822.89
 2022-02-28 21:11:02.281218,ETHUSD,2824.71
 2022-02-28 21:12:02.272628,ETHUSD,2824.26
 2022-02-28 21:13:01.725893,ETHUSD,2825.39
 2022-02-28 21:14:02.160101,ETHUSD,2826.03
 2022-02-28 21:15:02.506254,ETHUSD, 2825.2
 2022-02-28 21:16:01.781841,ETHUSD,2826.64
 2022-02-28 21:17:02.013989,ETHUSD,2827.12
 2022-02-28 21:18:02.394303,ETHUSD,2824.76
 2022-02-28 21:19:01.582507,ETHUSD, 2820.7
 2022-02-28 21:20:02.587403,ETHUSD,2822.47
 2022-02-28 21:21:01.798985,ETHUSD,2821.38
 2022-02-28 21:22:02.183283,ETHUSD,2821.59
 2022-02-28 21:23:01.675383,ETHUSD,2823.92
 2022-02-28 21:24:02.599058,ETHUSD,2823.19
 2022-02-28 21:25:01.732709,ETHUSD,2824.18
 2022-02-28 21:26:01.666014,ETHUSD,2823.92
 2022-02-28 21:27:02.020568,ETHUSD,2823.81
 2022-02-28 21:28:02.503408,ETHUSD,   2824
 2022-02-28 21:29:01.674899,ETHUSD,2825.77
 2022-02-28 21:30:02.083123,ETHUSD,   2823
 2022-02-28 21:31:01.930019,ETHUSD,2822.22
 2022-02-28 21:32:02.416955,ETHUSD,2817.55
 2022-02-28 21:33:02.530772,ETHUSD,2820.19
 2022-02-28 21:34:01.93797 ,ETHUSD,2823.32
 2022-02-28 21:35:02.486283,ETHUSD,2822.86
 2022-02-28 21:36:01.858044,ETHUSD,2823.27
 2022-02-28 21:37:02.20868 ,ETHUSD,2822.61
 2022-02-28 21:38:01.718374,ETHUSD,2821.35
 2022-02-28 21:39:02.504757,ETHUSD,2820.19
 2022-02-28 21:40:01.917951,ETHUSD,2820.72
 2022-02-28 21:41:01.9262  ,ETHUSD, 2821.1
 2022-02-28 21:42:02.258857,ETHUSD,2819.77
 2022-02-28 21:43:02.384621,ETHUSD, 2815.4
 2022-02-28 21:44:01.722949,ETHUSD,2817.27
 2022-02-28 21:45:02.580275,ETHUSD,2814.18
 2022-02-28 21:46:01.995495,ETHUSD,2815.73
 2022-02-28 21:47:01.710867,ETHUSD,2815.85
 2022-02-28 21:48:02.253864,ETHUSD,2819.21
 2022-02-28 21:49:01.986862,ETHUSD, 2820.2
 2022-02-28 21:50:02.403765,ETHUSD,2820.07
 2022-02-28 21:51:02.044306,ETHUSD,2820.46
 2022-02-28 21:52:02.573814,ETHUSD,2819.93
 2022-02-28 21:53:02.428561,ETHUSD,2816.98
 2022-02-28 21:54:01.844055,ETHUSD,2817.86
 2022-02-28 21:55:01.648324,ETHUSD,2821.12
 2022-02-28 21:56:02.143606,ETHUSD,2821.48
 2022-02-28 21:57:01.68513 ,ETHUSD,2820.51
 2022-02-28 21:58:02.62829 ,ETHUSD,2821.84
 2022-02-28 21:59:02.218553,ETHUSD,   2821
 2022-02-28 22:00:01.711642,ETHUSD,2821.02
 2022-02-28 22:01:02.374564,ETHUSD,2820.76
 2022-02-28 22:02:01.70006 ,ETHUSD,2823.15
 2022-02-28 22:03:02.54762 ,ETHUSD,2822.77
 2022-02-28 22:04:01.972621,ETHUSD,2827.83
 2022-02-28 22:05:02.597479,ETHUSD,2830.48
 2022-02-28 22:06:02.074011,ETHUSD,2828.53
 2022-02-28 22:07:01.716508,ETHUSD,2828.93
 2022-02-28 22:08:02.209166,ETHUSD,2844.97
 2022-02-28 22:09:01.935754,ETHUSD,2844.16
 2022-02-28 22:10:02.373678,ETHUSD,2848.06
 2022-02-28 22:11:01.680765,ETHUSD,2844.76
 2022-02-28 22:12:01.690484,ETHUSD,2842.34
 2022-02-28 22:13:02.4645  ,ETHUSD,2840.82
 2022-02-28 22:14:01.8104  ,ETHUSD, 2840.8
 2022-02-28 22:15:01.982433,ETHUSD,2836.99
 2022-02-28 22:16:02.479009,ETHUSD,2836.54
 2022-02-28 22:17:01.699888,ETHUSD,2840.02
 2022-02-28 22:18:02.242094,ETHUSD, 2838.5
 2022-02-28 22:19:02.386004,ETHUSD,2840.02
 2022-02-28 22:20:01.915767,ETHUSD,2843.99
 2022-02-28 22:21:02.14959 ,ETHUSD,2838.47
 2022-02-28 22:22:02.265312,ETHUSD,2838.47
 2022-02-28 22:23:01.875082,ETHUSD,   2845
 2022-02-28 22:24:02.368076,ETHUSD,2849.03
 2022-02-28 22:25:02.260629,ETHUSD,2846.66
 2022-02-28 22:26:02.620248,ETHUSD,2844.92
 2022-02-28 22:27:02.423677,ETHUSD, 2849.8
 2022-02-28 22:28:02.365897,ETHUSD,2850.57
 2022-02-28 22:29:02.429381,ETHUSD,2849.89
 2022-02-28 22:30:01.795459,ETHUSD,2850.87
 2022-02-28 22:31:02.471427,ETHUSD,2863.66
 2022-02-28 22:32:02.522867,ETHUSD,2857.27
 2022-02-28 22:33:01.958767,ETHUSD,2892.82
 2022-02-28 22:34:02.007204,ETHUSD,   2900
 2022-02-28 22:35:01.78368 ,ETHUSD,2909.01
 2022-02-28 22:36:02.224862,ETHUSD,2929.22
 2022-02-28 22:37:02.549135,ETHUSD,2937.34
 2022-02-28 22:38:02.555378,ETHUSD,2940.18
 2022-02-28 22:39:02.076394,ETHUSD,2929.27
 2022-02-28 22:40:02.399842,ETHUSD,2921.21
 2022-02-28 22:41:02.511944,ETHUSD,2921.56
 2022-02-28 22:42:02.49224 ,ETHUSD,2924.03
 2022-02-28 22:43:02.505142,ETHUSD,2919.67
 2022-02-28 22:44:01.911375,ETHUSD,2919.91
 2022-02-28 22:45:01.675834,ETHUSD,2919.16
 2022-02-28 22:46:02.174661,ETHUSD,2912.38
 2022-02-28 22:47:02.432986,ETHUSD,2919.58
 2022-02-28 22:48:01.866277,ETHUSD,2916.72
 2022-02-28 22:49:01.939699,ETHUSD,2920.45
 2022-02-28 22:50:02.404001,ETHUSD,2920.84
 2022-02-28 22:51:01.985188,ETHUSD,2920.57
 2022-02-28 22:52:02.345804,ETHUSD,2906.23
 2022-02-28 22:53:01.79892 ,ETHUSD,2901.81
 2022-02-28 22:54:02.250969,ETHUSD,2895.18
 2022-02-28 22:55:02.302217,ETHUSD,2892.32
 2022-02-28 22:56:01.773152,ETHUSD,2904.21
 2022-02-28 22:57:01.868071,ETHUSD,2896.71
 2022-02-28 22:58:02.201818,ETHUSD,2893.56
 2022-02-28 22:59:02.432421,ETHUSD,2900.18
 2022-02-28 23:00:02.03882 ,ETHUSD,2897.58
 2022-02-28 23:01:01.775709,ETHUSD,2897.59
 2022-02-28 23:02:02.262876,ETHUSD,2899.77
 2022-02-28 23:03:02.119909,ETHUSD,2901.39
 2022-02-28 23:04:01.726214,ETHUSD,2900.33
 2022-02-28 23:05:01.97753 ,ETHUSD, 2899.7
 2022-02-28 23:06:02.452052,ETHUSD,2903.31
 2022-02-28 23:07:02.449808,ETHUSD,2899.84
 2022-02-28 23:08:01.898587,ETHUSD, 2905.6
 2022-02-28 23:09:01.64083 ,ETHUSD,2906.69
 2022-02-28 23:10:01.700856,ETHUSD,2906.03
 2022-02-28 23:11:02.304392,ETHUSD,2909.76
 2022-02-28 23:12:02.250506,ETHUSD,2911.02
 2022-02-28 23:13:01.960748,ETHUSD,2913.78
 2022-02-28 23:14:02.413045,ETHUSD,2910.74
 2022-02-28 23:15:02.114238,ETHUSD,2912.01
 2022-02-28 23:16:02.501971,ETHUSD,2909.01
 2022-02-28 23:17:02.206873,ETHUSD,2905.83
 2022-02-28 23:18:01.674937,ETHUSD,2905.02
 2022-02-28 23:19:01.971628,ETHUSD,2901.46
 2022-02-28 23:20:02.020275,ETHUSD,2899.99
 2022-02-28 23:21:02.067151,ETHUSD,2899.23
 2022-02-28 23:22:02.575297,ETHUSD,2899.46
 2022-02-28 23:23:02.047203,ETHUSD,2898.37
 2022-02-28 23:24:02.434307,ETHUSD,2899.76
 2022-02-28 23:25:02.414226,ETHUSD, 2898.1
 2022-02-28 23:26:01.947082,ETHUSD,2901.25
 2022-02-28 23:27:02.103034,ETHUSD,2904.13
 2022-02-28 23:28:02.580318,ETHUSD,2908.24
 2022-02-28 23:29:01.796824,ETHUSD,2911.29
 2022-02-28 23:30:02.165428,ETHUSD,2910.32
 2022-02-28 23:31:02.898851,ETHUSD,2908.05
 2022-02-28 23:32:02.046006,ETHUSD,2904.01
 2022-02-28 23:33:01.896104,ETHUSD,2908.97
 2022-02-28 23:34:02.325517,ETHUSD,2907.87
 2022-02-28 23:35:01.61157 ,ETHUSD,2908.37
 2022-02-28 23:36:02.129828,ETHUSD,2909.48
 2022-02-28 23:37:01.75725 ,ETHUSD, 2909.5
 2022-02-28 23:38:02.170824,ETHUSD,2908.89
 2022-02-28 23:39:02.333847,ETHUSD, 2914.3
 2022-02-28 23:40:01.869497,ETHUSD,2916.37
 2022-02-28 23:41:01.683405,ETHUSD,2913.13
 2022-02-28 23:42:02.183513,ETHUSD,2913.73
 2022-02-28 23:43:01.893224,ETHUSD,2913.84
 2022-02-28 23:44:02.396675,ETHUSD,2915.57
 2022-02-28 23:45:02.454329,ETHUSD,2914.02
 2022-02-28 23:46:02.411019,ETHUSD,2920.69
 2022-02-28 23:47:02.03248 ,ETHUSD, 2919.3
 2022-02-28 23:48:02.453759,ETHUSD,2921.36
 2022-02-28 23:49:01.718934,ETHUSD,2921.57
 2022-02-28 23:50:02.227668,ETHUSD,2924.85
 2022-02-28 23:51:01.802723,ETHUSD,2924.01
 2022-02-28 23:52:01.833479,ETHUSD,2923.41
 2022-02-28 23:53:02.409693,ETHUSD,2919.27
 2022-02-28 23:54:01.92071 ,ETHUSD, 2917.3
 2022-02-28 23:55:01.742892,ETHUSD,2919.44
 2022-02-28 23:56:02.659114,ETHUSD,2919.75
 2022-02-28 23:57:02.310939,ETHUSD,2920.13
 2022-02-28 23:58:01.701121,ETHUSD,2922.55
 2022-02-28 23:59:02.05442 ,ETHUSD,2924.99
